Country Name,Indicator Name,Year,Value
北京市,城镇单位人员的平均工资,2009,57779
天津市,城镇单位人员的平均工资,2009,43937
河北省,城镇单位人员的平均工资,2009,27774
山西省,城镇单位人员的平均工资,2009,28066
内蒙古自治区,城镇单位人员的平均工资,2009,30486
辽宁省,城镇单位人员的平均工资,2009,30523
吉林省,城镇单位人员的平均工资,2009,25943
黑龙江省,城镇单位人员的平均工资,2009,24805
上海市,城镇单位人员的平均工资,2009,58336
江苏省,城镇单位人员的平均工资,2009,35217
浙江省,城镇单位人员的平均工资,2009,36553
安徽省,城镇单位人员的平均工资,2009,28723
福建省,城镇单位人员的平均工资,2009,28366
江西省,城镇单位人员的平均工资,2009,24165
山东省,城镇单位人员的平均工资,2009,29398
河南省,城镇单位人员的平均工资,2009,26906
湖北省,城镇单位人员的平均工资,2009,26547
湖南省,城镇单位人员的平均工资,2009,26534
广东省,城镇单位人员的平均工资,2009,36469
广西壮族自治区,城镇单位人员的平均工资,2009,27322
海南省,城镇单位人员的平均工资,2009,24790
重庆市,城镇单位人员的平均工资,2009,30499
四川省,城镇单位人员的平均工资,2009,28149
贵州省,城镇单位人员的平均工资,2009,27437
云南省,城镇单位人员的平均工资,2009,26163
西藏自治区,城镇单位人员的平均工资,2009,45347
陕西省,城镇单位人员的平均工资,2009,29566
甘肃省,城镇单位人员的平均工资,2009,26743
青海省,城镇单位人员的平均工资,2009,32481
宁夏回族自治区,城镇单位人员的平均工资,2009,32916
新疆维吾尔自治区,城镇单位人员的平均工资,2009,27617
北京市,结婚人数,2009,18.18
天津市,结婚人数,2009,10.4
河北省,结婚人数,2009,72
山西省,结婚人数,2009,34.36
内蒙古自治区,结婚人数,2009,18.84
辽宁省,结婚人数,2009,38.17
吉林省,结婚人数,2009,23.91
黑龙江省,结婚人数,2009,30.39
上海市,结婚人数,2009,14.99
江苏省,结婚人数,2009,73.09
浙江省,结婚人数,2009,42.76
安徽省,结婚人数,2009,61
福建省,结婚人数,2009,36.06
江西省,结婚人数,2009,40.81
山东省,结婚人数,2009,91.84
河南省,结婚人数,2009,85.88
湖北省,结婚人数,2009,56.54
湖南省,结婚人数,2009,65.29
广东省,结婚人数,2009,86.45
广西壮族自治区,结婚人数,2009,51.56
海南省,结婚人数,2009,13
重庆市,结婚人数,2009,30.11
四川省,结婚人数,2009,71
贵州省,结婚人数,2009,30.79
云南省,结婚人数,2009,34.29
西藏自治区,结婚人数,2009,1.36
陕西省,结婚人数,2009,31.94
甘肃省,结婚人数,2009,12.24
青海省,结婚人数,2009,2.97
宁夏回族自治区,结婚人数,2009,5.66
新疆维吾尔自治区,结婚人数,2009,26.55
北京市,住宅区商品房价格,2009,13224
天津市,住宅区商品房价格,2009,6605
河北省,住宅区商品房价格,2009,3210
山西省,住宅区商品房价格,2009,2552
内蒙古自治区,住宅区商品房价格,2009,2649
辽宁省,住宅区商品房价格,2009,3872
吉林省,住宅区商品房价格,2009,2788
黑龙江省,住宅区商品房价格,2009,3067
上海市,住宅区商品房价格,2009,12364
江苏省,住宅区商品房价格,2009,4805
浙江省,住宅区商品房价格,2009,7890
安徽省,住宅区商品房价格,2009,3235
福建省,住宅区商品房价格,2009,5366
江西省,住宅区商品房价格,2009,2517
山东省,住宅区商品房价格,2009,3390
河南省,住宅区商品房价格,2009,2501
湖北省,住宅区商品房价格,2009,3413
湖南省,住宅区商品房价格,2009,2532
广东省,住宅区商品房价格,2009,6360
广西壮族自治区,住宅区商品房价格,2009,3133
海南省,住宅区商品房价格,2009,6291
重庆市,住宅区商品房价格,2009,3266
四川省,住宅区商品房价格,2009,3434
贵州省,住宅区商品房价格,2009,2642
云南省,住宅区商品房价格,2009,2723
西藏自治区,住宅区商品房价格,2009,2392
陕西省,住宅区商品房价格,2009,3113
甘肃省,住宅区商品房价格,2009,2396
青海省,住宅区商品房价格,2009,2442
宁夏回族自治区,住宅区商品房价格,2009,2824
新疆维吾尔自治区,住宅区商品房价格,2009,2466
北京市,本科结业人数,2009,11.21
天津市,本科结业人数,2009,5.34
河北省,本科结业人数,2009,9.95
山西省,本科结业人数,2009,5.78
内蒙古自治区,本科结业人数,2009,3.08
辽宁省,本科结业人数,2009,12.58
吉林省,本科结业人数,2009,8.82
黑龙江省,本科结业人数,2009,9.44
上海市,本科结业人数,2009,7.19
江苏省,本科结业人数,2009,18.68
浙江省,本科结业人数,2009,9.9
安徽省,本科结业人数,2009,8.27
福建省,本科结业人数,2009,6.62
江西省,本科结业人数,2009,8.15
山东省,本科结业人数,2009,18
河南省,本科结业人数,2009,12.77
湖北省,本科结业人数,2009,15.01
湖南省,本科结业人数,2009,10.62
广东省,本科结业人数,2009,13.45
广西壮族自治区,本科结业人数,2009,4.24
海南省,本科结业人数,2009,1.06
重庆市,本科结业人数,2009,6.12
四川省,本科结业人数,2009,12.5
贵州省,本科结业人数,2009,3.07
云南省,本科结业人数,2009,4.28
西藏自治区,本科结业人数,2009,0.47
陕西省,本科结业人数,2009,10.9
甘肃省,本科结业人数,2009,3.96
青海省,本科结业人数,2009,0.55
宁夏回族自治区,本科结业人数,2009,0.77
新疆维吾尔自治区,本科结业人数,2009,2.77
北京市,人均GPD,2009,66940
天津市,人均GPD,2009,62574
河北省,人均GPD,2009,24581
山西省,人均GPD,2009,21522
内蒙古自治区,人均GPD,2009,39735
辽宁省,人均GPD,2009,35149
吉林省,人均GPD,2009,26595
黑龙江省,人均GPD,2009,22447
上海市,人均GPD,2009,69165
江苏省,人均GPD,2009,44253
浙江省,人均GPD,2009,43842
安徽省,人均GPD,2009,16408
福建省,人均GPD,2009,33437
江西省,人均GPD,2009,17335
山东省,人均GPD,2009,35894
河南省,人均GPD,2009,20597
湖北省,人均GPD,2009,22677
湖南省,人均GPD,2009,20428
广东省,人均GPD,2009,39436
广西壮族自治区,人均GPD,2009,16045
海南省,人均GPD,2009,19254
重庆市,人均GPD,2009,22920
四川省,人均GPD,2009,17339
贵州省,人均GPD,2009,10971
云南省,人均GPD,2009,13539
西藏自治区,人均GPD,2009,15008
陕西省,人均GPD,2009,21947
甘肃省,人均GPD,2009,13269
青海省,人均GPD,2009,19454
宁夏回族自治区,人均GPD,2009,21777
新疆维吾尔自治区,人均GPD,2009,19942
北京市,城镇单位人员的平均工资,2010,65158
天津市,城镇单位人员的平均工资,2010,51489
河北省,城镇单位人员的平均工资,2010,31451
山西省,城镇单位人员的平均工资,2010,33057
内蒙古自治区,城镇单位人员的平均工资,2010,35211
辽宁省,城镇单位人员的平均工资,2010,34437
吉林省,城镇单位人员的平均工资,2010,29003
黑龙江省,城镇单位人员的平均工资,2010,27735
上海市,城镇单位人员的平均工资,2010,66115
江苏省,城镇单位人员的平均工资,2010,39772
浙江省,城镇单位人员的平均工资,2010,40640
安徽省,城镇单位人员的平均工资,2010,33341
福建省,城镇单位人员的平均工资,2010,32340
江西省,城镇单位人员的平均工资,2010,28363
山东省,城镇单位人员的平均工资,2010,33321
河南省,城镇单位人员的平均工资,2010,29819
湖北省,城镇单位人员的平均工资,2010,31811
湖南省,城镇单位人员的平均工资,2010,29670
广东省,城镇单位人员的平均工资,2010,40432
广西壮族自治区,城镇单位人员的平均工资,2010,30673
海南省,城镇单位人员的平均工资,2010,30775
重庆市,城镇单位人员的平均工资,2010,34727
四川省,城镇单位人员的平均工资,2010,32567
贵州省,城镇单位人员的平均工资,2010,30433
云南省,城镇单位人员的平均工资,2010,29195
西藏自治区,城镇单位人员的平均工资,2010,49898
陕西省,城镇单位人员的平均工资,2010,33384
甘肃省,城镇单位人员的平均工资,2010,29096
青海省,城镇单位人员的平均工资,2010,36121
宁夏回族自治区,城镇单位人员的平均工资,2010,37166
新疆维吾尔自治区,城镇单位人员的平均工资,2010,32003
北京市,结婚人数,2010,13.8
天津市,结婚人数,2010,8.7
河北省,结婚人数,2010,75
山西省,结婚人数,2010,36.1
内蒙古自治区,结婚人数,2010,20.3
辽宁省,结婚人数,2010,32.2
吉林省,结婚人数,2010,22.3
黑龙江省,结婚人数,2010,30.9
上海市,结婚人数,2010,13
江苏省,结婚人数,2010,75.9
浙江省,结婚人数,2010,43.2
安徽省,结婚人数,2010,65.2
福建省,结婚人数,2010,38.2
江西省,结婚人数,2010,36.1
山东省,结婚人数,2010,92.5
河南省,结婚人数,2010,101.4
湖北省,结婚人数,2010,57.1
湖南省,结婚人数,2010,63.5
广东省,结婚人数,2010,85.7
广西壮族自治区,结婚人数,2010,52.7
海南省,结婚人数,2010,11.3
重庆市,结婚人数,2010,31.3
四川省,结婚人数,2010,71.5
贵州省,结婚人数,2010,37.5
云南省,结婚人数,2010,40.2
西藏自治区,结婚人数,2010,1.3
陕西省,结婚人数,2010,34.7
甘肃省,结婚人数,2010,14.2
青海省,结婚人数,2010,3
宁夏回族自治区,结婚人数,2010,6
新疆维吾尔自治区,结婚人数,2010,26.4
北京市,住宅区商品房价格,2010,17151
天津市,住宅区商品房价格,2010,7940
河北省,住宅区商品房价格,2010,3442
山西省,住宅区商品房价格,2010,3338
内蒙古自治区,住宅区商品房价格,2010,2983
辽宁省,住宅区商品房价格,2010,4303
吉林省,住宅区商品房价格,2010,3495
黑龙江省,住宅区商品房价格,2010,3492
上海市,住宅区商品房价格,2010,14290
江苏省,住宅区商品房价格,2010,5592
浙江省,住宅区商品房价格,2010,9332
安徽省,住宅区商品房价格,2010,3899
福建省,住宅区商品房价格,2010,6077
江西省,住宅区商品房价格,2010,2959
山东省,住宅区商品房价格,2010,3809
河南省,住宅区商品房价格,2010,2856
湖北省,住宅区商品房价格,2010,3506
湖南省,住宅区商品房价格,2010,3014
广东省,住宅区商品房价格,2010,7004
广西壮族自治区,住宅区商品房价格,2010,3382
海南省,住宅区商品房价格,2010,8800
重庆市,住宅区商品房价格,2010,4040
四川省,住宅区商品房价格,2010,3985
贵州省,住宅区商品房价格,2010,3142
云南省,住宅区商品房价格,2010,2893
西藏自治区,住宅区商品房价格,2010,2761
陕西省,住宅区商品房价格,2010,3668
甘肃省,住宅区商品房价格,2010,2938
青海省,住宅区商品房价格,2010,2894
宁夏回族自治区,住宅区商品房价格,2010,3107
新疆维吾尔自治区,住宅区商品房价格,2010,2872
北京市,本科结业人数,2010,11.01
天津市,本科结业人数,2010,5.57
河北省,本科结业人数,2010,10.8
山西省,本科结业人数,2010,6.05
内蒙古自治区,本科结业人数,2010,3.62
辽宁省,本科结业人数,2010,13.25
吉林省,本科结业人数,2010,8.61
黑龙江省,本科结业人数,2010,9.84
上海市,本科结业人数,2010,7.83
江苏省,本科结业人数,2010,19.89
浙江省,本科结业人数,2010,10.89
安徽省,本科结业人数,2010,9.04
福建省,本科结业人数,2010,7.17
江西省,本科结业人数,2010,8.16
山东省,本科结业人数,2010,18.27
河南省,本科结业人数,2010,13.76
湖北省,本科结业人数,2010,14.89
湖南省,本科结业人数,2010,10.94
广东省,本科结业人数,2010,15.29
广西壮族自治区,本科结业人数,2010,4.79
海南省,本科结业人数,2010,1.38
重庆市,本科结业人数,2010,6.65
四川省,本科结业人数,2010,12.61
贵州省,本科结业人数,2010,3.33
云南省,本科结业人数,2010,4.67
西藏自治区,本科结业人数,2010,0.46
陕西省,本科结业人数,2010,11.31
甘肃省,本科结业人数,2010,4.57
青海省,本科结业人数,2010,0.58
宁夏回族自治区,本科结业人数,2010,0.92
新疆维吾尔自治区,本科结业人数,2010,2.89
北京市,人均GPD,2010,73856
天津市,人均GPD,2010,72994
河北省,人均GPD,2010,28668
山西省,人均GPD,2010,26283
内蒙古自治区,人均GPD,2010,47347
辽宁省,人均GPD,2010,42355
吉林省,人均GPD,2010,31599
黑龙江省,人均GPD,2010,27076
上海市,人均GPD,2010,76074
江苏省,人均GPD,2010,52840
浙江省,人均GPD,2010,51711
安徽省,人均GPD,2010,20888
福建省,人均GPD,2010,40025
江西省,人均GPD,2010,21253
山东省,人均GPD,2010,41106
河南省,人均GPD,2010,24446
湖北省,人均GPD,2010,27906
湖南省,人均GPD,2010,24719
广东省,人均GPD,2010,44736
广西壮族自治区,人均GPD,2010,20219
海南省,人均GPD,2010,23831
重庆市,人均GPD,2010,27596
四川省,人均GPD,2010,21182
贵州省,人均GPD,2010,13119
云南省,人均GPD,2010,15752
西藏自治区,人均GPD,2010,17027
陕西省,人均GPD,2010,27133
甘肃省,人均GPD,2010,16113
青海省,人均GPD,2010,24115
宁夏回族自治区,人均GPD,2010,26860
新疆维吾尔自治区,人均GPD,2010,25034
北京市,城镇单位人员的平均工资,2011,75482
天津市,城镇单位人员的平均工资,2011,55658
河北省,城镇单位人员的平均工资,2011,35309
山西省,城镇单位人员的平均工资,2011,39230
内蒙古自治区,城镇单位人员的平均工资,2011,41118
辽宁省,城镇单位人员的平均工资,2011,38154
吉林省,城镇单位人员的平均工资,2011,33610
黑龙江省,城镇单位人员的平均工资,2011,31302
上海市,城镇单位人员的平均工资,2011,75591
江苏省,城镇单位人员的平均工资,2011,45487
浙江省,城镇单位人员的平均工资,2011,45162
安徽省,城镇单位人员的平均工资,2011,39352
福建省,城镇单位人员的平均工资,2011,38588
江西省,城镇单位人员的平均工资,2011,33239
山东省,城镇单位人员的平均工资,2011,37618
河南省,城镇单位人员的平均工资,2011,33634
湖北省,城镇单位人员的平均工资,2011,36128
湖南省,城镇单位人员的平均工资,2011,34586
广东省,城镇单位人员的平均工资,2011,45060
广西壮族自治区,城镇单位人员的平均工资,2011,33032
海南省,城镇单位人员的平均工资,2011,36244
重庆市,城镇单位人员的平均工资,2011,39430
四川省,城镇单位人员的平均工资,2011,37330
贵州省,城镇单位人员的平均工资,2011,36102
云南省,城镇单位人员的平均工资,2011,34004
西藏自治区,城镇单位人员的平均工资,2011,49464
陕西省,城镇单位人员的平均工资,2011,38143
甘肃省,城镇单位人员的平均工资,2011,32092
青海省,城镇单位人员的平均工资,2011,41370
宁夏回族自治区,城镇单位人员的平均工资,2011,42703
新疆维吾尔自治区,城镇单位人员的平均工资,2011,38238
北京市,结婚人数,2011,17.32
天津市,结婚人数,2011,10.41
河北省,结婚人数,2011,77.72
山西省,结婚人数,2011,33.96
内蒙古自治区,结婚人数,2011,21.53
辽宁省,结婚人数,2011,37.26
吉林省,结婚人数,2011,23.82
黑龙江省,结婚人数,2011,33.27
上海市,结婚人数,2011,14.89
江苏省,结婚人数,2011,86.75
浙江省,结婚人数,2011,44.09
安徽省,结婚人数,2011,71.14
福建省,结婚人数,2011,38.28
江西省,结婚人数,2011,37.3
山东省,结婚人数,2011,96.91
河南省,结婚人数,2011,106.31
湖北省,结婚人数,2011,62.69
湖南省,结婚人数,2011,65.87
广东省,结婚人数,2011,86.36
广西壮族自治区,结婚人数,2011,49.33
海南省,结婚人数,2011,11.52
重庆市,结婚人数,2011,30.48
四川省,结婚人数,2011,74.98
贵州省,结婚人数,2011,37.34
云南省,结婚人数,2011,39.07
西藏自治区,结婚人数,2011,1.36
陕西省,结婚人数,2011,36.93
甘肃省,结婚人数,2011,16.91
青海省,结婚人数,2011,4.17
宁夏回族自治区,结婚人数,2011,6.15
新疆维吾尔自治区,结婚人数,2011,28.23
北京市,住宅区商品房价格,2011,15517.9
天津市,住宅区商品房价格,2011,8547.64
河北省,住宅区商品房价格,2011,3766.75
山西省,住宅区商品房价格,2011,3231.44
内蒙古自治区,住宅区商品房价格,2011,3340.67
辽宁省,住宅区商品房价格,2011,4542.88
吉林省,住宅区商品房价格,2011,4161.17
黑龙江省,住宅区商品房价格,2011,3682.78
上海市,住宅区商品房价格,2011,13565.83
江苏省,住宅区商品房价格,2011,6145.2
浙江省,住宅区商品房价格,2011,9801.15
安徽省,住宅区商品房价格,2011,4371.24
福建省,住宅区商品房价格,2011,7451.95
江西省,住宅区商品房价格,2011,3822
山东省,住宅区商品房价格,2011,4298.78
河南省,住宅区商品房价格,2011,3123.15
湖北省,住宅区商品房价格,2011,4142.13
湖南省,住宅区商品房价格,2011,3523.65
广东省,住宅区商品房价格,2011,7560.85
广西壮族自治区,住宅区商品房价格,2011,3553.96
海南省,住宅区商品房价格,2011,9083.14
重庆市,住宅区商品房价格,2011,4492.3
四川省,住宅区商品房价格,2011,4595.13
贵州省,住宅区商品房价格,2011,3489.71
云南省,住宅区商品房价格,2011,3388.41
西藏自治区,住宅区商品房价格,2011,3311.55
陕西省,住宅区商品房价格,2011,4705.28
甘肃省,住宅区商品房价格,2011,3130.04
青海省,住宅区商品房价格,2011,3090.01
宁夏回族自治区,住宅区商品房价格,2011,3389.46
新疆维吾尔自治区,住宅区商品房价格,2011,3286.95
北京市,本科结业人数,2011,11.12
天津市,本科结业人数,2011,5.71
河北省,本科结业人数,2011,12.03
山西省,本科结业人数,2011,6.51
内蒙古自治区,本科结业人数,2011,4.13
辽宁省,本科结业人数,2011,14
吉林省,本科结业人数,2011,9.18
黑龙江省,本科结业人数,2011,10.79
上海市,本科结业人数,2011,8.42
江苏省,本科结业人数,2011,22.55
浙江省,本科结业人数,2011,11.68
安徽省,本科结业人数,2011,10.59
福建省,本科结业人数,2011,7.94
江西省,本科结业人数,2011,8.5
山东省,本科结业人数,2011,17.93
河南省,本科结业人数,2011,15.4
湖北省,本科结业人数,2011,15.76
湖南省,本科结业人数,2011,11.98
广东省,本科结业人数,2011,16.23
广西壮族自治区,本科结业人数,2011,5.68
海南省,本科结业人数,2011,1.58
重庆市,本科结业人数,2011,7
四川省,本科结业人数,2011,13.78
贵州省,本科结业人数,2011,3.78
云南省,本科结业人数,2011,5.05
西藏自治区,本科结业人数,2011,0.46
陕西省,本科结业人数,2011,12.06
甘肃省,本科结业人数,2011,5.12
青海省,本科结业人数,2011,0.6
宁夏回族自治区,本科结业人数,2011,1
新疆维吾尔自治区,本科结业人数,2011,3.05
北京市,人均GPD,2011,81658
天津市,人均GPD,2011,85213
河北省,人均GPD,2011,33969
山西省,人均GPD,2011,31357
内蒙古自治区,人均GPD,2011,57974
辽宁省,人均GPD,2011,50760
吉林省,人均GPD,2011,38460
黑龙江省,人均GPD,2011,32819
上海市,人均GPD,2011,82560
江苏省,人均GPD,2011,62290
浙江省,人均GPD,2011,59249
安徽省,人均GPD,2011,25659
福建省,人均GPD,2011,47377
江西省,人均GPD,2011,26150
山东省,人均GPD,2011,47335
河南省,人均GPD,2011,28661
湖北省,人均GPD,2011,34197
湖南省,人均GPD,2011,29880
广东省,人均GPD,2011,50807
广西壮族自治区,人均GPD,2011,25326
海南省,人均GPD,2011,28898
重庆市,人均GPD,2011,34500
四川省,人均GPD,2011,26133
贵州省,人均GPD,2011,16413
云南省,人均GPD,2011,19265
西藏自治区,人均GPD,2011,20077
陕西省,人均GPD,2011,33464
甘肃省,人均GPD,2011,19595
青海省,人均GPD,2011,29522
宁夏回族自治区,人均GPD,2011,33043
新疆维吾尔自治区,人均GPD,2011,30087
北京市,城镇单位人员的平均工资,2012,84742
天津市,城镇单位人员的平均工资,2012,61514
河北省,城镇单位人员的平均工资,2012,38658
山西省,城镇单位人员的平均工资,2012,44236
内蒙古自治区,城镇单位人员的平均工资,2012,46557
辽宁省,城镇单位人员的平均工资,2012,41858
吉林省,城镇单位人员的平均工资,2012,38407
黑龙江省,城镇单位人员的平均工资,2012,36406
上海市,城镇单位人员的平均工资,2012,78673
江苏省,城镇单位人员的平均工资,2012,50639
浙江省,城镇单位人员的平均工资,2012,50197
安徽省,城镇单位人员的平均工资,2012,44601
福建省,城镇单位人员的平均工资,2012,44525
江西省,城镇单位人员的平均工资,2012,38512
山东省,城镇单位人员的平均工资,2012,41904
河南省,城镇单位人员的平均工资,2012,37338
湖北省,城镇单位人员的平均工资,2012,39846
湖南省,城镇单位人员的平均工资,2012,38971
广东省,城镇单位人员的平均工资,2012,50278
广西壮族自治区,城镇单位人员的平均工资,2012,36386
海南省,城镇单位人员的平均工资,2012,39485
重庆市,城镇单位人员的平均工资,2012,44498
四川省,城镇单位人员的平均工资,2012,42339
贵州省,城镇单位人员的平均工资,2012,41156
云南省,城镇单位人员的平均工资,2012,37629
西藏自治区,城镇单位人员的平均工资,2012,51705
陕西省,城镇单位人员的平均工资,2012,43073
甘肃省,城镇单位人员的平均工资,2012,37679
青海省,城镇单位人员的平均工资,2012,46483
宁夏回族自治区,城镇单位人员的平均工资,2012,47436
新疆维吾尔自治区,城镇单位人员的平均工资,2012,44576
北京市,结婚人数,2012,17.41
天津市,结婚人数,2012,10.14
河北省,结婚人数,2012,74.53
山西省,结婚人数,2012,36.28
内蒙古自治区,结婚人数,2012,20.77
辽宁省,结婚人数,2012,37.29
吉林省,结婚人数,2012,22.98
黑龙江省,结婚人数,2012,34.56
上海市,结婚人数,2012,14.42
江苏省,结婚人数,2012,88.76
浙江省,结婚人数,2012,44.2
安徽省,结婚人数,2012,76.49
福建省,结婚人数,2012,38.19
江西省,结婚人数,2012,42.11
山东省,结婚人数,2012,93.33
河南省,结婚人数,2012,119.13
湖北省,结婚人数,2012,61.59
湖南省,结婚人数,2012,64.38
广东省,结婚人数,2012,87.07
广西壮族自治区,结婚人数,2012,49.17
海南省,结婚人数,2012,9.94
重庆市,结婚人数,2012,29.85
四川省,结婚人数,2012,74.83
贵州省,结婚人数,2012,41.78
云南省,结婚人数,2012,41.95
西藏自治区,结婚人数,2012,1.39
陕西省,结婚人数,2012,37.36
甘肃省,结婚人数,2012,16.75
青海省,结婚人数,2012,4.57
宁夏回族自治区,结婚人数,2012,6.07
新疆维吾尔自治区,结婚人数,2012,26.29
北京市,住宅区商品房价格,2012,16553.48
天津市,住宅区商品房价格,2012,8009.58
河北省,住宅区商品房价格,2012,4141.96
山西省,住宅区商品房价格,2012,3690.88
内蒙古自治区,住宅区商品房价格,2012,3656.41
辽宁省,住宅区商品房价格,2012,4717.21
吉林省,住宅区商品房价格,2012,3875.1
黑龙江省,住宅区商品房价格,2012,3725.51
上海市,住宅区商品房价格,2012,13869.88
江苏省,住宅区商品房价格,2012,6422.85
浙江省,住宅区商品房价格,2012,10679.69
安徽省,住宅区商品房价格,2012,4495.12
福建省,住宅区商品房价格,2012,8365.92
江西省,住宅区商品房价格,2012,4381.18
山东省,住宅区商品房价格,2012,4556.63
河南省,住宅区商品房价格,2012,3511.26
湖北省,住宅区商品房价格,2012,4668
湖南省,住宅区商品房价格,2012,3669.63
广东省,住宅区商品房价格,2012,7667.89
广西壮族自治区,住宅区商品房价格,2012,3909.83
海南省,住宅区商品房价格,2012,7811.26
重庆市,住宅区商品房价格,2012,4804.8
四川省,住宅区商品房价格,2012,4959.19
贵州省,住宅区商品房价格,2012,3695.36
云南省,住宅区商品房价格,2012,3861.01
西藏自治区,住宅区商品房价格,2012,2982.19
陕西省,住宅区商品房价格,2012,4803.05
甘肃省,住宅区商品房价格,2012,3376.08
青海省,住宅区商品房价格,2012,3692.21
宁夏回族自治区,住宅区商品房价格,2012,3620.77
新疆维吾尔自治区,住宅区商品房价格,2012,3593.82
北京市,本科结业人数,2012,11.38
天津市,本科结业人数,2012,6.22
河北省,本科结业人数,2012,13.35
山西省,本科结业人数,2012,7.22
内蒙古自治区,本科结业人数,2012,4.57
辽宁省,本科结业人数,2012,14.75
吉林省,本科结业人数,2012,9.81
黑龙江省,本科结业人数,2012,11.79
上海市,本科结业人数,2012,8.57
江苏省,本科结业人数,2012,23.18
浙江省,本科结业人数,2012,12.62
安徽省,本科结业人数,2012,11.49
福建省,本科结业人数,2012,8.86
江西省,本科结业人数,2012,9.4
山东省,本科结业人数,2012,20.56
河南省,本科结业人数,2012,16.78
湖北省,本科结业人数,2012,16.81
湖南省,本科结业人数,2012,13.24
广东省,本科结业人数,2012,18.13
广西壮族自治区,本科结业人数,2012,6.21
海南省,本科结业人数,2012,1.8
重庆市,本科结业人数,2012,7.5
四川省,本科结业人数,2012,15.36
贵州省,本科结业人数,2012,3.97
云南省,本科结业人数,2012,5.87
西藏自治区,本科结业人数,2012,0.47
陕西省,本科结业人数,2012,13.3
甘肃省,本科结业人数,2012,5.73
青海省,本科结业人数,2012,0.66
宁夏回族自治区,本科结业人数,2012,1.18
新疆维吾尔自治区,本科结业人数,2012,3.08
北京市,人均GPD,2012,87475
天津市,人均GPD,2012,93173
河北省,人均GPD,2012,36584
山西省,人均GPD,2012,33628
内蒙古自治区,人均GPD,2012,63886
辽宁省,人均GPD,2012,56649
吉林省,人均GPD,2012,43415
黑龙江省,人均GPD,2012,35711
上海市,人均GPD,2012,85373
江苏省,人均GPD,2012,68347
浙江省,人均GPD,2012,63374
安徽省,人均GPD,2012,28792
福建省,人均GPD,2012,52763
江西省,人均GPD,2012,28800
山东省,人均GPD,2012,51768
河南省,人均GPD,2012,31499
湖北省,人均GPD,2012,38572
湖南省,人均GPD,2012,33480
广东省,人均GPD,2012,54095
广西壮族自治区,人均GPD,2012,27952
海南省,人均GPD,2012,32377
重庆市,人均GPD,2012,38914
四川省,人均GPD,2012,29608
贵州省,人均GPD,2012,19710
云南省,人均GPD,2012,22195
西藏自治区,人均GPD,2012,22936
陕西省,人均GPD,2012,38564
甘肃省,人均GPD,2012,21978
青海省,人均GPD,2012,33181
宁夏回族自治区,人均GPD,2012,36394
新疆维吾尔自治区,人均GPD,2012,33796
北京市,城镇单位人员的平均工资,2013,93006
天津市,城镇单位人员的平均工资,2013,67773
河北省,城镇单位人员的平均工资,2013,41501
山西省,城镇单位人员的平均工资,2013,46407
内蒙古自治区,城镇单位人员的平均工资,2013,50723
辽宁省,城镇单位人员的平均工资,2013,45505
吉林省,城镇单位人员的平均工资,2013,42846
黑龙江省,城镇单位人员的平均工资,2013,40794
上海市,城镇单位人员的平均工资,2013,90908
江苏省,城镇单位人员的平均工资,2013,57177
浙江省,城镇单位人员的平均工资,2013,56571
安徽省,城镇单位人员的平均工资,2013,47806
福建省,城镇单位人员的平均工资,2013,48538
江西省,城镇单位人员的平均工资,2013,42473
山东省,城镇单位人员的平均工资,2013,46998
河南省,城镇单位人员的平均工资,2013,38301
湖北省,城镇单位人员的平均工资,2013,43899
湖南省,城镇单位人员的平均工资,2013,42726
广东省,城镇单位人员的平均工资,2013,53318
广西壮族自治区,城镇单位人员的平均工资,2013,41391
海南省,城镇单位人员的平均工资,2013,44971
重庆市,城镇单位人员的平均工资,2013,50006
四川省,城镇单位人员的平均工资,2013,47965
贵州省,城镇单位人员的平均工资,2013,47364
云南省,城镇单位人员的平均工资,2013,42447
西藏自治区,城镇单位人员的平均工资,2013,57773
陕西省,城镇单位人员的平均工资,2013,47446
甘肃省,城镇单位人员的平均工资,2013,42833
青海省,城镇单位人员的平均工资,2013,51393
宁夏回族自治区,城镇单位人员的平均工资,2013,50476
新疆维吾尔自治区,城镇单位人员的平均工资,2013,49064
北京市,结婚人数,2013,16.37
天津市,结婚人数,2013,10.26
河北省,结婚人数,2013,74.08
山西省,结婚人数,2013,38.4
内蒙古自治区,结婚人数,2013,22.16
辽宁省,结婚人数,2013,36.96
吉林省,结婚人数,2013,25.41
黑龙江省,结婚人数,2013,37.66
上海市,结婚人数,2013,14.95
江苏省,结婚人数,2013,90.38
浙江省,结婚人数,2013,42.22
安徽省,结婚人数,2013,80.56
福建省,结婚人数,2013,39.59
江西省,结婚人数,2013,39.37
山东省,结婚人数,2013,89.14
河南省,结婚人数,2013,126.24
湖北省,结婚人数,2013,64.58
湖南省,结婚人数,2013,62.06
广东省,结婚人数,2013,87.47
广西壮族自治区,结婚人数,2013,47.19
海南省,结婚人数,2013,9.12
重庆市,结婚人数,2013,30.31
四川省,结婚人数,2013,77.68
贵州省,结婚人数,2013,42.98
云南省,结婚人数,2013,45.21
西藏自治区,结婚人数,2013,1.16
陕西省,结婚人数,2013,39.57
甘肃省,结婚人数,2013,18.65
青海省,结婚人数,2013,4.75
宁夏回族自治区,结婚人数,2013,6.38
新疆维吾尔自治区,结婚人数,2013,26.07
北京市,住宅区商品房价格,2013,17854
天津市,住宅区商品房价格,2013,8390
河北省,住宅区商品房价格,2013,4640
山西省,住宅区商品房价格,2013,4211
内蒙古自治区,住宅区商品房价格,2013,3863
辽宁省,住宅区商品房价格,2013,4918
吉林省,住宅区商品房价格,2013,4228
黑龙江省,住宅区商品房价格,2013,4435
上海市,住宅区商品房价格,2013,16192
江苏省,住宅区商品房价格,2013,6650
浙江省,住宅区商品房价格,2013,11016
安徽省,住宅区商品房价格,2013,4776
福建省,住宅区商品房价格,2013,8618
江西省,住宅区商品房价格,2013,4905
山东省,住宅区商品房价格,2013,4797
河南省,住宅区商品房价格,2013,3835
湖北省,住宅区商品房价格,2013,4847
湖南省,住宅区商品房价格,2013,3908
广东省,住宅区商品房价格,2013,8466
广西壮族自治区,住宅区商品房价格,2013,4219
海南省,住宅区商品房价格,2013,8633
重庆市,住宅区商品房价格,2013,5239
四川省,住宅区商品房价格,2013,5086
贵州省,住宅区商品房价格,2013,3735
云南省,住宅区商品房价格,2013,4176
西藏自治区,住宅区商品房价格,2013,3883
陕西省,住宅区商品房价格,2013,4991
甘肃省,住宅区商品房价格,2013,3684
青海省,住宅区商品房价格,2013,3957
宁夏回族自治区,住宅区商品房价格,2013,3917
新疆维吾尔自治区,住宅区商品房价格,2013,3949
北京市,本科结业人数,2013,11.41
天津市,本科结业人数,2013,6.72
河北省,本科结业人数,2013,14.62
山西省,本科结业人数,2013,7.64
内蒙古自治区,本科结业人数,2013,5.03
辽宁省,本科结业人数,2013,14.67
吉林省,本科结业人数,2013,10.34
黑龙江省,本科结业人数,2013,11.65
上海市,本科结业人数,2013,8.46
江苏省,本科结业人数,2013,23.64
浙江省,本科结业人数,2013,12.82
安徽省,本科结业人数,2013,12.2
福建省,本科结业人数,2013,9.45
江西省,本科结业人数,2013,10.1
山东省,本科结业人数,2013,21.17
河南省,本科结业人数,2013,18.42
湖北省,本科结业人数,2013,18.03
湖南省,本科结业人数,2013,14.2
广东省,本科结业人数,2013,20.05
广西壮族自治区,本科结业人数,2013,6.51
海南省,本科结业人数,2013,2
重庆市,本科结业人数,2013,8.25
四川省,本科结业人数,2013,16.49
贵州省,本科结业人数,2013,4.31
云南省,本科结业人数,2013,6.5
西藏自治区,本科结业人数,2013,0.48
陕西省,本科结业人数,2013,13.61
甘肃省,本科结业人数,2013,6.08
青海省,本科结业人数,2013,0.68
宁夏回族自治区,本科结业人数,2013,1.26
新疆维吾尔自治区,本科结业人数,2013,3.2
北京市,人均GPD,2013,94648
天津市,人均GPD,2013,100105
河北省,人均GPD,2013,38909
山西省,人均GPD,2013,34984
内蒙古自治区,人均GPD,2013,67836
辽宁省,人均GPD,2013,61996
吉林省,人均GPD,2013,47428
黑龙江省,人均GPD,2013,37697
上海市,人均GPD,2013,90993
江苏省,人均GPD,2013,75354
浙江省,人均GPD,2013,68805
安徽省,人均GPD,2013,32001
福建省,人均GPD,2013,58145
江西省,人均GPD,2013,31930
山东省,人均GPD,2013,56885
河南省,人均GPD,2013,34211
湖北省,人均GPD,2013,42826
湖南省,人均GPD,2013,36943
广东省,人均GPD,2013,58833
广西壮族自治区,人均GPD,2013,30741
海南省,人均GPD,2013,35663
重庆市,人均GPD,2013,43223
四川省,人均GPD,2013,32617
贵州省,人均GPD,2013,23151
云南省,人均GPD,2013,25322
西藏自治区,人均GPD,2013,26326
陕西省,人均GPD,2013,43117
甘肃省,人均GPD,2013,24539
青海省,人均GPD,2013,36875
宁夏回族自治区,人均GPD,2013,39613
新疆维吾尔自治区,人均GPD,2013,37553
北京市,城镇单位人员的平均工资,2014,102268
天津市,城镇单位人员的平均工资,2014,72773
河北省,城镇单位人员的平均工资,2014,45114
山西省,城镇单位人员的平均工资,2014,48969
内蒙古自治区,城镇单位人员的平均工资,2014,53748
辽宁省,城镇单位人员的平均工资,2014,48190
吉林省,城镇单位人员的平均工资,2014,46516
黑龙江省,城镇单位人员的平均工资,2014,44036
上海市,城镇单位人员的平均工资,2014,100251
江苏省,城镇单位人员的平均工资,2014,60867
浙江省,城镇单位人员的平均工资,2014,61572
安徽省,城镇单位人员的平均工资,2014,50894
福建省,城镇单位人员的平均工资,2014,53426
江西省,城镇单位人员的平均工资,2014,46218
山东省,城镇单位人员的平均工资,2014,51825
河南省,城镇单位人员的平均工资,2014,42179
湖北省,城镇单位人员的平均工资,2014,49838
湖南省,城镇单位人员的平均工资,2014,47117
广东省,城镇单位人员的平均工资,2014,59481
广西壮族自治区,城镇单位人员的平均工资,2014,45424
海南省,城镇单位人员的平均工资,2014,49882
重庆市,城镇单位人员的平均工资,2014,55588
四川省,城镇单位人员的平均工资,2014,52555
贵州省,城镇单位人员的平均工资,2014,52772
云南省,城镇单位人员的平均工资,2014,46101
西藏自治区,城镇单位人员的平均工资,2014,61235
陕西省,城镇单位人员的平均工资,2014,50535
甘肃省,城镇单位人员的平均工资,2014,46960
青海省,城镇单位人员的平均工资,2014,57084
宁夏回族自治区,城镇单位人员的平均工资,2014,54858
新疆维吾尔自治区,城镇单位人员的平均工资,2014,53471
北京市,结婚人数,2014,17
天津市,结婚人数,2014,9.94
河北省,结婚人数,2014,66.13
山西省,结婚人数,2014,35.07
内蒙古自治区,结婚人数,2014,21.68
辽宁省,结婚人数,2014,34.51
吉林省,结婚人数,2014,23.52
黑龙江省,结婚人数,2014,35.23
上海市,结婚人数,2014,14.19
江苏省,结婚人数,2014,83.45
浙江省,结婚人数,2014,43.68
安徽省,结婚人数,2014,79.89
福建省,结婚人数,2014,37.53
江西省,结婚人数,2014,37.12
山东省,结婚人数,2014,83.18
河南省,结婚人数,2014,117.58
湖北省,结婚人数,2014,62.19
湖南省,结婚人数,2014,62.2
广东省,结婚人数,2014,89.15
广西壮族自治区,结婚人数,2014,47.23
海南省,结婚人数,2014,9
重庆市,结婚人数,2014,30.45
四川省,结婚人数,2014,77.42
贵州省,结婚人数,2014,43.72
云南省,结婚人数,2014,46.48
西藏自治区,结婚人数,2014,1.96
陕西省,结婚人数,2014,38.12
甘肃省,结婚人数,2014,20.18
青海省,结婚人数,2014,5.4
宁夏回族自治区,结婚人数,2014,5.6
新疆维吾尔自治区,结婚人数,2014,27.92
北京市,住宅区商品房价格,2014,18499
天津市,住宅区商品房价格,2014,8828
河北省,住宅区商品房价格,2014,4988
山西省,住宅区商品房价格,2014,4462
内蒙古自治区,住宅区商品房价格,2014,3833
辽宁省,住宅区商品房价格,2014,5107
吉林省,住宅区商品房价格,2014,4810
黑龙江省,住宅区商品房价格,2014,4517
上海市,住宅区商品房价格,2014,16415
江苏省,住宅区商品房价格,2014,6783
浙江省,住宅区商品房价格,2014,10586
安徽省,住宅区商品房价格,2014,5017
福建省,住宅区商品房价格,2014,8843
江西省,住宅区商品房价格,2014,4971
山东省,住宅区商品房价格,2014,5029
河南省,住宅区商品房价格,2014,3909
湖北省,住宅区商品房价格,2014,5085
湖南省,住宅区商品房价格,2014,3830
广东省,住宅区商品房价格,2014,8526
广西壮族自治区,住宅区商品房价格,2014,4442
海南省,住宅区商品房价格,2014,9262
重庆市,住宅区商品房价格,2014,5094
四川省,住宅区商品房价格,2014,5092
贵州省,住宅区商品房价格,2014,3694
云南省,住宅区商品房价格,2014,4451
西藏自治区,住宅区商品房价格,2014,5323
陕西省,住宅区商品房价格,2014,4823
甘肃省,住宅区商品房价格,2014,4234
青海省,住宅区商品房价格,2014,4294
宁夏回族自治区,住宅区商品房价格,2014,3747
新疆维吾尔自治区,住宅区商品房价格,2014,4057
北京市,本科结业人数,2014,11.51
天津市,本科结业人数,2014,7.32
河北省,本科结业人数,2014,15.31
山西省,本科结业人数,2014,8.54
内蒙古自治区,本科结业人数,2014,5.35
辽宁省,本科结业人数,2014,15.23
吉林省,本科结业人数,2014,10.49
黑龙江省,本科结业人数,2014,11.92
上海市,本科结业人数,2014,8.51
江苏省,本科结业人数,2014,24.56
浙江省,本科结业人数,2014,13.42
安徽省,本科结业人数,2014,13.33
福建省,本科结业人数,2014,10.24
江西省,本科结业人数,2014,11.14
山东省,本科结业人数,2014,21.55
河南省,本科结业人数,2014,20.89
湖北省,本科结业人数,2014,19.81
湖南省,本科结业人数,2014,15.13
广东省,本科结业人数,2014,21.14
广西壮族自治区,本科结业人数,2014,7.1
海南省,本科结业人数,2014,2.35
重庆市,本科结业人数,2014,9.24
四川省,本科结业人数,2014,17.46
贵州省,本科结业人数,2014,5.12
云南省,本科结业人数,2014,7.41
西藏自治区,本科结业人数,2014,0.49
陕西省,本科结业人数,2014,15.09
甘肃省,本科结业人数,2014,6.43
青海省,本科结业人数,2014,0.72
宁夏回族自治区,本科结业人数,2014,1.33
新疆维吾尔自治区,本科结业人数,2014,3.26
北京市,人均GPD,2014,99995
天津市,人均GPD,2014,105231
河北省,人均GPD,2014,39984
山西省,人均GPD,2014,35070
内蒙古自治区,人均GPD,2014,71046
辽宁省,人均GPD,2014,65201
吉林省,人均GPD,2014,50160
黑龙江省,人均GPD,2014,39226
上海市,人均GPD,2014,97370
江苏省,人均GPD,2014,81874
浙江省,人均GPD,2014,73002
安徽省,人均GPD,2014,34425
福建省,人均GPD,2014,63472
江西省,人均GPD,2014,34674
山东省,人均GPD,2014,60879
河南省,人均GPD,2014,37072
湖北省,人均GPD,2014,47145
湖南省,人均GPD,2014,40271
广东省,人均GPD,2014,63469
广西壮族自治区,人均GPD,2014,33090
海南省,人均GPD,2014,38924
重庆市,人均GPD,2014,47850
四川省,人均GPD,2014,35128
贵州省,人均GPD,2014,26437
云南省,人均GPD,2014,27264
西藏自治区,人均GPD,2014,29252
陕西省,人均GPD,2014,46929
甘肃省,人均GPD,2014,26433
青海省,人均GPD,2014,39671
宁夏回族自治区,人均GPD,2014,41834
新疆维吾尔自治区,人均GPD,2014,40648
北京市,城镇单位人员的平均工资,2015,111390
天津市,城镇单位人员的平均工资,2015,80090
河北省,城镇单位人员的平均工资,2015,50921
山西省,城镇单位人员的平均工资,2015,51803
内蒙古自治区,城镇单位人员的平均工资,2015,57135
辽宁省,城镇单位人员的平均工资,2015,52332
吉林省,城镇单位人员的平均工资,2015,51558
黑龙江省,城镇单位人员的平均工资,2015,48881
上海市,城镇单位人员的平均工资,2015,109174
江苏省,城镇单位人员的平均工资,2015,66196
浙江省,城镇单位人员的平均工资,2015,66668
安徽省,城镇单位人员的平均工资,2015,55139
福建省,城镇单位人员的平均工资,2015,57628
江西省,城镇单位人员的平均工资,2015,50932
山东省,城镇单位人员的平均工资,2015,57270
河南省,城镇单位人员的平均工资,2015,45403
湖北省,城镇单位人员的平均工资,2015,54367
湖南省,城镇单位人员的平均工资,2015,52357
广东省,城镇单位人员的平均工资,2015,65788
广西壮族自治区,城镇单位人员的平均工资,2015,52982
海南省,城镇单位人员的平均工资,2015,57600
重庆市,城镇单位人员的平均工资,2015,60543
四川省,城镇单位人员的平均工资,2015,58915
贵州省,城镇单位人员的平均工资,2015,59701
云南省,城镇单位人员的平均工资,2015,52564
西藏自治区,城镇单位人员的平均工资,2015,97849
陕西省,城镇单位人员的平均工资,2015,54994
甘肃省,城镇单位人员的平均工资,2015,52942
青海省,城镇单位人员的平均工资,2015,61090
宁夏回族自治区,城镇单位人员的平均工资,2015,60380
新疆维吾尔自治区,城镇单位人员的平均工资,2015,60117
北京市,结婚人数,2015,16.6
天津市,结婚人数,2015,10.12
河北省,结婚人数,2015,60.94
山西省,结婚人数,2015,34.68
内蒙古自治区,结婚人数,2015,21.79
辽宁省,结婚人数,2015,31.7
吉林省,结婚人数,2015,23.45
黑龙江省,结婚人数,2015,31.82
上海市,结婚人数,2015,14.18
江苏省,结婚人数,2015,78.6
浙江省,结婚人数,2015,39.25
安徽省,结婚人数,2015,73.91
福建省,结婚人数,2015,34.94
江西省,结婚人数,2015,30.62
山东省,结婚人数,2015,70.1
河南省,结婚人数,2015,109.44
湖北省,结婚人数,2015,57.3
湖南省,结婚人数,2015,54.27
广东省,结婚人数,2015,84.04
广西壮族自治区,结婚人数,2015,42.13
海南省,结婚人数,2015,8.31
重庆市,结婚人数,2015,29.26
四川省,结婚人数,2015,74.15
贵州省,结婚人数,2015,49.26
云南省,结婚人数,2015,45.82
西藏自治区,结婚人数,2015,1.54
陕西省,结婚人数,2015,35.6
甘肃省,结婚人数,2015,22.03
青海省,结婚人数,2015,5.11
宁夏回族自治区,结婚人数,2015,6.09
新疆维吾尔自治区,结婚人数,2015,27.66
北京市,住宅区商品房价格,2015,22300
天津市,住宅区商品房价格,2015,9931
河北省,住宅区商品房价格,2015,5530
山西省,住宅区商品房价格,2015,4742
内蒙古自治区,住宅区商品房价格,2015,3939
辽宁省,住宅区商品房价格,2015,5486
吉林省,住宅区商品房价格,2015,5213
黑龙江省,住宅区商品房价格,2015,4818
上海市,住宅区商品房价格,2015,21501
江苏省,住宅区商品房价格,2015,7177
浙江省,住宅区商品房价格,2015,10755
安徽省,住宅区商品房价格,2015,5067
福建省,住宅区商品房价格,2015,8565
江西省,住宅区商品房价格,2015,5107
山东省,住宅区商品房价格,2015,5290
河南省,住宅区商品房价格,2015,4317
湖北省,住宅区商品房价格,2015,5663
湖南省,住宅区商品房价格,2015,3974
广东省,住宅区商品房价格,2015,9495
广西壮族自治区,住宅区商品房价格,2015,4587
海南省,住宅区商品房价格,2015,9226
重庆市,住宅区商品房价格,2015,5012
四川省,住宅区商品房价格,2015,5034
贵州省,住宅区商品房价格,2015,3629
云南省,住宅区商品房价格,2015,4800
西藏自治区,住宅区商品房价格,2015,3605
陕西省,住宅区商品房价格,2015,5082
甘肃省,住宅区商品房价格,2015,4613
青海省,住宅区商品房价格,2015,4241
宁夏回族自治区,住宅区商品房价格,2015,4010
新疆维吾尔自治区,住宅区商品房价格,2015,4176
北京市,本科结业人数,2015,11.77
天津市,本科结业人数,2015,7.56
河北省,本科结业人数,2015,15.85
山西省,本科结业人数,2015,9.14
内蒙古自治区,本科结业人数,2015,5.45
辽宁省,本科结业人数,2015,16.02
吉林省,本科结业人数,2015,10.98
黑龙江省,本科结业人数,2015,12.49
上海市,本科结业人数,2015,8.54
江苏省,本科结业人数,2015,24.59
浙江省,本科结业人数,2015,14.03
安徽省,本科结业人数,2015,14.13
福建省,本科结业人数,2015,10.98
江西省,本科结业人数,2015,11.5
山东省,本科结业人数,2015,22.75
河南省,本科结业人数,2015,22.27
湖北省,本科结业人数,2015,20.92
湖南省,本科结业人数,2015,15.42
广东省,本科结业人数,2015,22.41
广西壮族自治区,本科结业人数,2015,7.68
海南省,本科结业人数,2015,2.5
重庆市,本科结业人数,2015,9.97
四川省,本科结业人数,2015,17.57
贵州省,本科结业人数,2015,5.8
云南省,本科结业人数,2015,8.91
西藏自治区,本科结业人数,2015,0.51
陕西省,本科结业人数,2015,16.73
甘肃省,本科结业人数,2015,6.72
青海省,本科结业人数,2015,0.74
宁夏回族自治区,本科结业人数,2015,1.55
新疆维吾尔自治区,本科结业人数,2015,3.11
北京市,人均GPD,2015,106497
天津市,人均GPD,2015,107960
河北省,人均GPD,2015,40255
山西省,人均GPD,2015,34919
内蒙古自治区,人均GPD,2015,71101
辽宁省,人均GPD,2015,65354
吉林省,人均GPD,2015,51086
黑龙江省,人均GPD,2015,39462
上海市,人均GPD,2015,103796
江苏省,人均GPD,2015,87995
浙江省,人均GPD,2015,77644
安徽省,人均GPD,2015,35997
福建省,人均GPD,2015,67966
江西省,人均GPD,2015,36724
山东省,人均GPD,2015,64168
河南省,人均GPD,2015,39123
湖北省,人均GPD,2015,50654
湖南省,人均GPD,2015,42754
广东省,人均GPD,2015,67503
广西壮族自治区,人均GPD,2015,35190
海南省,人均GPD,2015,40818
重庆市,人均GPD,2015,52321
四川省,人均GPD,2015,36775
贵州省,人均GPD,2015,29847
云南省,人均GPD,2015,28806
西藏自治区,人均GPD,2015,31999
陕西省,人均GPD,2015,47626
甘肃省,人均GPD,2015,26165
青海省,人均GPD,2015,41252
宁夏回族自治区,人均GPD,2015,43805
新疆维吾尔自治区,人均GPD,2015,40036
北京市,城镇单位人员的平均工资,2016,119928
天津市,城镇单位人员的平均工资,2016,86305
河北省,城镇单位人员的平均工资,2016,55334
山西省,城镇单位人员的平均工资,2016,53705
内蒙古自治区,城镇单位人员的平均工资,2016,61067
辽宁省,城镇单位人员的平均工资,2016,56015
吉林省,城镇单位人员的平均工资,2016,56098
黑龙江省,城镇单位人员的平均工资,2016,52435
上海市,城镇单位人员的平均工资,2016,119935
江苏省,城镇单位人员的平均工资,2016,71574
浙江省,城镇单位人员的平均工资,2016,73326
安徽省,城镇单位人员的平均工资,2016,59102
福建省,城镇单位人员的平均工资,2016,61973
江西省,城镇单位人员的平均工资,2016,56136
山东省,城镇单位人员的平均工资,2016,62539
河南省,城镇单位人员的平均工资,2016,49505
湖北省,城镇单位人员的平均工资,2016,59831
湖南省,城镇单位人员的平均工资,2016,58241
广东省,城镇单位人员的平均工资,2016,72326
广西壮族自治区,城镇单位人员的平均工资,2016,57878
海南省,城镇单位人员的平均工资,2016,61663
重庆市,城镇单位人员的平均工资,2016,65545
四川省,城镇单位人员的平均工资,2016,63926
贵州省,城镇单位人员的平均工资,2016,66279
云南省,城镇单位人员的平均工资,2016,60450
西藏自治区,城镇单位人员的平均工资,2016,103232
陕西省,城镇单位人员的平均工资,2016,59637
甘肃省,城镇单位人员的平均工资,2016,57575
青海省,城镇单位人员的平均工资,2016,66589
宁夏回族自治区,城镇单位人员的平均工资,2016,65570
新疆维吾尔自治区,城镇单位人员的平均工资,2016,63739
北京市,结婚人数,2016,16.62
天津市,结婚人数,2016,9.82
河北省,结婚人数,2016,55.19
山西省,结婚人数,2016,30.01
内蒙古自治区,结婚人数,2016,19.84
辽宁省,结婚人数,2016,31.26
吉林省,结婚人数,2016,22.15
黑龙江省,结婚人数,2016,30.63
上海市,结婚人数,2016,12.52
江苏省,结婚人数,2016,71.61
浙江省,结婚人数,2016,36.68
安徽省,结婚人数,2016,71.34
福建省,结婚人数,2016,31.46
江西省,结婚人数,2016,30.2
山东省,结婚人数,2016,67.07
河南省,结婚人数,2016,96.9
湖北省,结婚人数,2016,51.38
湖南省,结婚人数,2016,49.94
广东省,结婚人数,2016,78.61
广西壮族自治区,结婚人数,2016,39.4
海南省,结婚人数,2016,7.83
重庆市,结婚人数,2016,27.85
四川省,结婚人数,2016,72.71
贵州省,结婚人数,2016,45.32
云南省,结婚人数,2016,44.61
西藏自治区,结婚人数,2016,3.01
陕西省,结婚人数,2016,33.24
甘肃省,结婚人数,2016,21.91
青海省,结婚人数,2016,6.12
宁夏回族自治区,结婚人数,2016,6.2
新疆维吾尔自治区,结婚人数,2016,21.41
北京市,住宅区商品房价格,2016,28489
天津市,住宅区商品房价格,2016,12870
河北省,住宅区商品房价格,2016,6290
山西省,住宅区商品房价格,2016,4788
内蒙古自治区,住宅区商品房价格,2016,4042
辽宁省,住宅区商品房价格,2016,5876
吉林省,住宅区商品房价格,2016,4946
黑龙江省,住宅区商品房价格,2016,5029
上海市,住宅区商品房价格,2016,25910
江苏省,住宅区商品房价格,2016,8734
浙江省,住宅区商品房价格,2016,11447
安徽省,住宅区商品房价格,2016,5637
福建省,住宅区商品房价格,2016,9175
江西省,住宅区商品房价格,2016,5331
山东省,住宅区商品房价格,2016,5728
河南省,住宅区商品房价格,2016,4774
湖北省,住宅区商品房价格,2016,6457
湖南省,住宅区商品房价格,2016,4330
广东省,住宅区商品房价格,2016,10936
广西壮族自治区,住宅区商品房价格,2016,5042
海南省,住宅区商品房价格,2016,9775
重庆市,住宅区商品房价格,2016,5162
四川省,住宅区商品房价格,2016,5449
贵州省,住宅区商品房价格,2016,3704
云南省,住宅区商品房价格,2016,4812
西藏自治区,住宅区商品房价格,2016,4876
陕西省,住宅区商品房价格,2016,5264
甘肃省,住宅区商品房价格,2016,4817
青海省,住宅区商品房价格,2016,4612
宁夏回族自治区,住宅区商品房价格,2016,3925
新疆维吾尔自治区,住宅区商品房价格,2016,4204
北京市,本科结业人数,2016,12
天津市,本科结业人数,2016,7.96
河北省,本科结业人数,2016,16.36
山西省,本科结业人数,2016,10.15
内蒙古自治区,本科结业人数,2016,5.51
辽宁省,本科结业人数,2016,16.59
吉林省,本科结业人数,2016,11.37
黑龙江省,本科结业人数,2016,12.73
上海市,本科结业人数,2016,8.77
江苏省,本科结业人数,2016,24.42
浙江省,本科结业人数,2016,14.62
安徽省,本科结业人数,2016,14.71
福建省,本科结业人数,2016,11.2
江西省,本科结业人数,2016,12.15
山东省,本科结业人数,2016,23.66
河南省,本科结业人数,2016,24.28
湖北省,本科结业人数,2016,21.62
湖南省,本科结业人数,2016,16.23
广东省,本科结业人数,2016,23.36
广西壮族自治区,本科结业人数,2016,8.25
海南省,本科结业人数,2016,2.53
重庆市,本科结业人数,2016,10.93
四川省,本科结业人数,2016,18.25
贵州省,本科结业人数,2016,6.42
云南省,本科结业人数,2016,8.58
西藏自治区,本科结业人数,2016,0.52
陕西省,本科结业人数,2016,18.38
甘肃省,本科结业人数,2016,7.06
青海省,本科结业人数,2016,0.8
宁夏回族自治区,本科结业人数,2016,1.68
新疆维吾尔自治区,本科结业人数,2016,3.26
北京市,人均GPD,2016,118198
天津市,人均GPD,2016,115053
河北省,人均GPD,2016,43062
山西省,人均GPD,2016,35532
内蒙古自治区,人均GPD,2016,72064
辽宁省,人均GPD,2016,50791
吉林省,人均GPD,2016,53868
黑龙江省,人均GPD,2016,40432
上海市,人均GPD,2016,116562
江苏省,人均GPD,2016,96887
浙江省,人均GPD,2016,84916
安徽省,人均GPD,2016,39561
福建省,人均GPD,2016,74707
江西省,人均GPD,2016,40400
山东省,人均GPD,2016,68733
河南省,人均GPD,2016,42575
湖北省,人均GPD,2016,55665
湖南省,人均GPD,2016,46382
广东省,人均GPD,2016,74016
广西壮族自治区,人均GPD,2016,38027
海南省,人均GPD,2016,44347
重庆市,人均GPD,2016,58502
四川省,人均GPD,2016,40003
贵州省,人均GPD,2016,33246
云南省,人均GPD,2016,31093
西藏自治区,人均GPD,2016,35184
陕西省,人均GPD,2016,51015
甘肃省,人均GPD,2016,27643
青海省,人均GPD,2016,43531
宁夏回族自治区,人均GPD,2016,47194
新疆维吾尔自治区,人均GPD,2016,40564
北京市,城镇单位人员的平均工资,2017,131700
天津市,城镇单位人员的平均工资,2017,94534
河北省,城镇单位人员的平均工资,2017,63036
山西省,城镇单位人员的平均工资,2017,60061
内蒙古自治区,城镇单位人员的平均工资,2017,66679
辽宁省,城镇单位人员的平均工资,2017,61153
吉林省,城镇单位人员的平均工资,2017,61451
黑龙江省,城镇单位人员的平均工资,2017,56067
上海市,城镇单位人员的平均工资,2017,129795
江苏省,城镇单位人员的平均工资,2017,78267
浙江省,城镇单位人员的平均工资,2017,80750
安徽省,城镇单位人员的平均工资,2017,65150
福建省,城镇单位人员的平均工资,2017,67420
江西省,城镇单位人员的平均工资,2017,61429
山东省,城镇单位人员的平均工资,2017,68081
河南省,城镇单位人员的平均工资,2017,55495
湖北省,城镇单位人员的平均工资,2017,65912
湖南省,城镇单位人员的平均工资,2017,63690
广东省,城镇单位人员的平均工资,2017,79183
广西壮族自治区,城镇单位人员的平均工资,2017,63821
海南省,城镇单位人员的平均工资,2017,67727
重庆市,城镇单位人员的平均工资,2017,70889
四川省,城镇单位人员的平均工资,2017,69419
贵州省,城镇单位人员的平均工资,2017,71795
云南省,城镇单位人员的平均工资,2017,69106
西藏自治区,城镇单位人员的平均工资,2017,108817
陕西省,城镇单位人员的平均工资,2017,65181
甘肃省,城镇单位人员的平均工资,2017,63374
青海省,城镇单位人员的平均工资,2017,75701
宁夏回族自治区,城镇单位人员的平均工资,2017,70298
新疆维吾尔自治区,城镇单位人员的平均工资,2017,67932
北京市,结婚人数,2017,15.15
天津市,结婚人数,2017,9.51
河北省,结婚人数,2017,50.49
山西省,结婚人数,2017,28.77
内蒙古自治区,结婚人数,2017,18.7
辽宁省,结婚人数,2017,29.19
吉林省,结婚人数,2017,20.63
黑龙江省,结婚人数,2017,28.67
上海市,结婚人数,2017,10.87
江苏省,结婚人数,2017,67.55
浙江省,结婚人数,2017,34.44
安徽省,结婚人数,2017,67.38
福建省,结婚人数,2017,29.14
江西省,结婚人数,2017,28.91
山东省,结婚人数,2017,62.58
河南省,结婚人数,2017,86.97
湖北省,结婚人数,2017,47.21
湖南省,结婚人数,2017,45.77
广东省,结婚人数,2017,75.81
广西壮族自治区,结婚人数,2017,37.94
海南省,结婚人数,2017,7.58
重庆市,结婚人数,2017,26.6
四川省,结婚人数,2017,68.95
贵州省,结婚人数,2017,40.36
云南省,结婚人数,2017,40.28
西藏自治区,结婚人数,2017,3.41
陕西省,结婚人数,2017,30.06
甘肃省,结婚人数,2017,19.79
青海省,结婚人数,2017,5.97
宁夏回族自治区,结婚人数,2017,6.03
新疆维吾尔自治区,结婚人数,2017,18.39
北京市,住宅区商品房价格,2017,34117
天津市,住宅区商品房价格,2017,15139
河北省,住宅区商品房价格,2017,7039
山西省,住宅区商品房价格,2017,5457
内蒙古自治区,住宅区商品房价格,2017,4239
辽宁省,住宅区商品房价格,2017,6458
吉林省,住宅区商品房价格,2017,5748
黑龙江省,住宅区商品房价格,2017,6073
上海市,住宅区商品房价格,2017,24866
江苏省,住宅区商品房价格,2017,9070
浙江省,住宅区商品房价格,2017,13430
安徽省,住宅区商品房价格,2017,6137
福建省,住宅区商品房价格,2017,9284
江西省,住宅区商品房价格,2017,5800
山东省,住宅区商品房价格,2017,6153
河南省,住宅区商品房价格,2017,5038
湖北省,住宅区商品房价格,2017,7307
湖南省,住宅区商品房价格,2017,4846
广东省,住宅区商品房价格,2017,11416
广西壮族自治区,住宅区商品房价格,2017,5623
海南省,住宅区商品房价格,2017,11381
重庆市,住宅区商品房价格,2017,6605
四川省,住宅区商品房价格,2017,5888
贵州省,住宅区商品房价格,2017,4165
云南省,住宅区商品房价格,2017,5664
西藏自治区,住宅区商品房价格,2017,5604
陕西省,住宅区商品房价格,2017,6477
甘肃省,住宅区商品房价格,2017,5326
青海省,住宅区商品房价格,2017,5298
宁夏回族自治区,住宅区商品房价格,2017,4243
新疆维吾尔自治区,住宅区商品房价格,2017,4538
北京市,本科结业人数,2017,12.14
天津市,本科结业人数,2017,7.9
河北省,本科结业人数,2017,17.04
山西省,本科结业人数,2017,11.33
内蒙古自治区,本科结业人数,2017,5.75
辽宁省,本科结业人数,2017,17.41
吉林省,本科结业人数,2017,11.5
黑龙江省,本科结业人数,2017,12.54
上海市,本科结业人数,2017,8.69
江苏省,本科结业人数,2017,25.29
浙江省,本科结业人数,2017,14.61
安徽省,本科结业人数,2017,15.21
福建省,本科结业人数,2017,12.18
江西省,本科结业人数,2017,12.26
山东省,本科结业人数,2017,24.55
河南省,本科结业人数,2017,25.38
湖北省,本科结业人数,2017,21.28
湖南省,本科结业人数,2017,16.23
广东省,本科结业人数,2017,24.56
广西壮族自治区,本科结业人数,2017,8.89
海南省,本科结业人数,2017,2.49
重庆市,本科结业人数,2017,10.47
四川省,本科结业人数,2017,18.43
贵州省,本科结业人数,2017,7.5
云南省,本科结业人数,2017,9.64
西藏自治区,本科结业人数,2017,0.55
陕西省,本科结业人数,2017,17.27
甘肃省,本科结业人数,2017,7.02
青海省,本科结业人数,2017,0.79
宁夏回族自治区,本科结业人数,2017,1.72
新疆维吾尔自治区,本科结业人数,2017,3.57
北京市,人均GPD,2017,128994
天津市,人均GPD,2017,118944
河北省,人均GPD,2017,45387
山西省,人均GPD,2017,42060
内蒙古自治区,人均GPD,2017,63764
辽宁省,人均GPD,2017,53527
吉林省,人均GPD,2017,54838
黑龙江省,人均GPD,2017,41916
上海市,人均GPD,2017,126634
江苏省,人均GPD,2017,107150
浙江省,人均GPD,2017,92057
安徽省,人均GPD,2017,43401
福建省,人均GPD,2017,82677
江西省,人均GPD,2017,43424
山东省,人均GPD,2017,72807
河南省,人均GPD,2017,46674
湖北省,人均GPD,2017,60199
湖南省,人均GPD,2017,49558
广东省,人均GPD,2017,80932
广西壮族自治区,人均GPD,2017,38102
海南省,人均GPD,2017,48430
重庆市,人均GPD,2017,63442
四川省,人均GPD,2017,44651
贵州省,人均GPD,2017,37956
云南省,人均GPD,2017,34221
西藏自治区,人均GPD,2017,39267
陕西省,人均GPD,2017,57266
甘肃省,人均GPD,2017,28497
青海省,人均GPD,2017,44047
宁夏回族自治区,人均GPD,2017,50765
新疆维吾尔自治区,人均GPD,2017,44941
北京市,城镇单位人员的平均工资,2018,145766
天津市,城镇单位人员的平均工资,2018,100731
河北省,城镇单位人员的平均工资,2018,68717
山西省,城镇单位人员的平均工资,2018,65917
内蒙古自治区,城镇单位人员的平均工资,2018,73835
辽宁省,城镇单位人员的平均工资,2018,67324
吉林省,城镇单位人员的平均工资,2018,68533
黑龙江省,城镇单位人员的平均工资,2018,60780
上海市,城镇单位人员的平均工资,2018,140400
江苏省,城镇单位人员的平均工资,2018,84688
浙江省,城镇单位人员的平均工资,2018,88883
安徽省,城镇单位人员的平均工资,2018,74378
福建省,城镇单位人员的平均工资,2018,74316
江西省,城镇单位人员的平均工资,2018,68573
山东省,城镇单位人员的平均工资,2018,73593
河南省,城镇单位人员的平均工资,2018,63174
湖北省,城镇单位人员的平均工资,2018,73777
湖南省,城镇单位人员的平均工资,2018,70221
广东省,城镇单位人员的平均工资,2018,88636
广西壮族自治区,城镇单位人员的平均工资,2018,70606
海南省,城镇单位人员的平均工资,2018,75885
重庆市,城镇单位人员的平均工资,2018,78928
四川省,城镇单位人员的平均工资,2018,77686
贵州省,城镇单位人员的平均工资,2018,78316
云南省,城镇单位人员的平均工资,2018,75701
西藏自治区,城镇单位人员的平均工资,2018,116015
陕西省,城镇单位人员的平均工资,2018,71983
甘肃省,城镇单位人员的平均工资,2018,70695
青海省,城镇单位人员的平均工资,2018,85379
宁夏回族自治区,城镇单位人员的平均工资,2018,78384
新疆维吾尔自治区,城镇单位人员的平均工资,2018,75457
北京市,结婚人数,2018,13.78
天津市,结婚人数,2018,9.75
河北省,结婚人数,2018,45.87
山西省,结婚人数,2018,27.85
内蒙古自治区,结婚人数,2018,17.69
辽宁省,结婚人数,2018,28.08
吉林省,结婚人数,2018,19.32
黑龙江省,结婚人数,2018,27.82
上海市,结婚人数,2018,10.51
江苏省,结婚人数,2018,63.77
浙江省,结婚人数,2018,33.73
安徽省,结婚人数,2018,61.91
福建省,结婚人数,2018,27.36
江西省,结婚人数,2018,33.06
山东省,结婚人数,2018,59.9
河南省,结婚人数,2018,80.9
湖北省,结婚人数,2018,43.78
湖南省,结婚人数,2018,42.16
广东省,结婚人数,2018,71.38
广西壮族自治区,结婚人数,2018,36.19
海南省,结婚人数,2018,7.27
重庆市,结婚人数,2018,25.88
四川省,结婚人数,2018,66.9
贵州省,结婚人数,2018,40.03
云南省,结婚人数,2018,37.76
西藏自治区,结婚人数,2018,3.01
陕西省,结婚人数,2018,30.04
甘肃省,结婚人数,2018,21.07
青海省,结婚人数,2018,5.73
宁夏回族自治区,结婚人数,2018,6.07
新疆维吾尔自治区,结婚人数,2018,15.37
北京市,住宅区商品房价格,2018,37420.19
天津市,住宅区商品房价格,2018,15924.26
河北省,住宅区商品房价格,2018,7566.72
山西省,住宅区商品房价格,2018,6649.11
内蒙古自治区,住宅区商品房价格,2018,5339.79
辽宁省,住宅区商品房价格,2018,7358.35
吉林省,住宅区商品房价格,2018,6800.56
黑龙江省,住宅区商品房价格,2018,6678.06
上海市,住宅区商品房价格,2018,28981.11
江苏省,住宅区商品房价格,2018,10542.48
浙江省,住宅区商品房价格,2018,15242.01
安徽省,住宅区商品房价格,2018,6937.06
福建省,住宅区商品房价格,2018,10612.64
江西省,住宅区商品房价格,2018,6539.84
山东省,住宅区商品房价格,2018,7386.25
河南省,住宅区商品房价格,2018,5530.6
湖北省,住宅区商品房价格,2018,8135.76
湖南省,住宅区商品房价格,2018,5473.14
广东省,住宅区商品房价格,2018,12915.25
广西壮族自治区,住宅区商品房价格,2018,5958.53
海南省,住宅区商品房价格,2018,14104.76
重庆市,住宅区商品房价格,2018,8189.98
四川省,住宅区商品房价格,2018,6691.23
贵州省,住宅区商品房价格,2018,5129.19
云南省,住宅区商品房价格,2018,7384.44
西藏自治区,住宅区商品房价格,2018,6914.73
陕西省,住宅区商品房价格,2018,7921.85
甘肃省,住宅区商品房价格,2018,5387.05
青海省,住宅区商品房价格,2018,5936.6
宁夏回族自治区,住宅区商品房价格,2018,4736.94
新疆维吾尔自治区,住宅区商品房价格,2018,5427.31
北京市,本科结业人数,2018,12.03
天津市,本科结业人数,2018,7.85
河北省,本科结业人数,2018,17.14
山西省,本科结业人数,2018,11.75
内蒙古自治区,本科结业人数,2018,5.8
辽宁省,本科结业人数,2018,17.75
吉林省,本科结业人数,2018,11.31
黑龙江省,本科结业人数,2018,12.49
上海市,本科结业人数,2018,8.58
江苏省,本科结业人数,2018,26.01
浙江省,本科结业人数,2018,14.93
安徽省,本科结业人数,2018,15.41
福建省,本科结业人数,2018,12.1
江西省,本科结业人数,2018,12.69
山东省,本科结业人数,2018,23.96
河南省,本科结业人数,2018,26.2
湖北省,本科结业人数,2018,20.4
湖南省,本科结业人数,2018,16.42
广东省,本科结业人数,2018,25.4
广西壮族自治区,本科结业人数,2018,9.75
海南省,本科结业人数,2018,2.49
重庆市,本科结业人数,2018,10.53
四川省,本科结业人数,2018,18.64
贵州省,本科结业人数,2018,6.99
云南省,本科结业人数,2018,9.57
西藏自治区,本科结业人数,2018,0.56
陕西省,本科结业人数,2018,16.96
甘肃省,本科结业人数,2018,7.06
青海省,本科结业人数,2018,0.83
宁夏回族自治区,本科结业人数,2018,1.79
新疆维吾尔自治区,本科结业人数,2018,3.45
北京市,人均GPD,2018,140211
天津市,人均GPD,2018,120711
河北省,人均GPD,2018,47772
山西省,人均GPD,2018,45328
内蒙古自治区,人均GPD,2018,68302
辽宁省,人均GPD,2018,58008
吉林省,人均GPD,2018,55611
黑龙江省,人均GPD,2018,43274
上海市,人均GPD,2018,134982
江苏省,人均GPD,2018,115168
浙江省,人均GPD,2018,98643
安徽省,人均GPD,2018,47712
福建省,人均GPD,2018,91197
江西省,人均GPD,2018,47434
山东省,人均GPD,2018,76267
河南省,人均GPD,2018,50152
湖北省,人均GPD,2018,66616
湖南省,人均GPD,2018,52949
广东省,人均GPD,2018,86412
广西壮族自治区,人均GPD,2018,41489
海南省,人均GPD,2018,51955
重庆市,人均GPD,2018,65933
四川省,人均GPD,2018,48883
贵州省,人均GPD,2018,41244
云南省,人均GPD,2018,37136
西藏自治区,人均GPD,2018,43398
陕西省,人均GPD,2018,63477
甘肃省,人均GPD,2018,31336
青海省,人均GPD,2018,47689
宁夏回族自治区,人均GPD,2018,54094
新疆维吾尔自治区,人均GPD,2018,49475
